A&N Islands,Andaman Nicobar
Car Nicobar,Andaman Nicobar
Adilabad,Andhra Pradesh
Anantapur,Andhra Pradesh
Chittoor,Andhra Pradesh
Cuddapah,Andhra Pradesh
East Godavari,Andhra Pradesh
Guntur,Andhra Pradesh
Hyderabad,Andhra Pradesh
Karimnagar,Andhra Pradesh
Khammam,Andhra Pradesh
Krishna,Andhra Pradesh
Kurnool,Andhra Pradesh
Mahboobnagar,Andhra Pradesh
Medak,Andhra Pradesh
Nalgonda,Andhra Pradesh
Nellore,Andhra Pradesh
Nizamabad,Andhra Pradesh
Prakasam,Andhra Pradesh
Ranga Reddy,Andhra Pradesh
Srikakulam,Andhra Pradesh
Vishakhapatnam,Andhra Pradesh
Vizianagaram,Andhra Pradesh
Warangal,Andhra Pradesh
West Godavari,Andhra Pradesh
Changlang,Arunachal Pradesh
Dibang Valley,Arunachal Pradesh
East Kameng,Arunachal Pradesh
East Siang,Arunachal Pradesh
Lohit,Arunachal Pradesh
Lower Subansiri,Arunachal Pradesh
Papum Pare,Arunachal Pradesh
Tirap,Arunachal Pradesh
Upper Siang,Arunachal Pradesh
Upper Subansiri,Arunachal Pradesh
West Kameng,Arunachal Pradesh
West Siang,Arunachal Pradesh
Barpeta,Assam
Bongaigaon,Assam
Chacher,Assam
Darranga,Assam
Dhemaji,Assam
Dhubri,Assam
Dibrugarh,Assam
Goalpara,Assam
Golaghat,Assam
Hailakandi,Assam
Jorhat,Assam
Kamrup,Assam
Karbi Anglong,Assam
Karimganj,Assam
Kokrajhar,Assam
Lakhimpur,Assam
Marigaon,Assam
Nagaon,Assam
Nalbari,Assam
North Cacher Hills,Assam
Sibsagar,Assam
Sonitpur,Assam
Tinsukia,Assam
Araria,Bihar
Aurangabad,Bihar
Banka,Bihar
Begusarai,Bihar
Bhagalpur,Bihar
Bhojpur,Bihar
Buxar,Bihar
Darbhanga,Bihar
Gaya,Bihar
Gopalganj,Bihar
Jahanabad,Bihar
Jamui,Bihar
Kaimur,Bihar
Katihar,Bihar
Khagaria,Bihar
Kishanganj,Bihar
Lakhisarai,Bihar
Madhepura,Bihar
Madhubani,Bihar
Munger,Bihar
Muzaffarpur,Bihar
Nalanda,Bihar
Nawada,Bihar
Patna,Bihar
Purba Champaran,Bihar
Purnia,Bihar
Rohtas,Bihar
Saharsa,Bihar
Samastipur,Bihar
Saran,Bihar
Saupal,Bihar
Sheikhpura,Bihar
Sheohar,Bihar
Sitamarhi,Bihar
Siwan,Bihar
Vaishali,Bihar
West Champaran,Bihar
Chandigarh,Chandigarh
Bastar,Chhattisgarh
Bilaspur,Chhattisgarh
Dantewada,Chhattisgarh
Dhamtari,Chhattisgarh
Durg,Chhattisgarh
Janjgir - Champa,Chhattisgarh
Jashpur,Chhattisgarh
Kanker,Chhattisgarh
Kawardha,Chhattisgarh
Korba,Chhattisgarh
Koriya,Chhattisgarh
Mahasamund,Chhattisgarh
Raigarh,Chhattisgarh
Raipur,Chhattisgarh
Rajnandgaon,Chhattisgarh
Surguja,Chhattisgarh
Dadra & Nagar Haveli,Dadra & Nagar Haveli
Daman,Daman & Diu
Central Delhi,Delhi
East Delhi,Delhi
New Delhi,Delhi
North Delhi,Delhi
North East,Delhi
North West,Delhi
South Delhi,Delhi
South West,Delhi
West Delhi,Delhi
North Goa,Goa
South Goa,Goa
Ahmedabad,Gujarat
Amreli,Gujarat
Anand,Gujarat
Banaskantha,Gujarat
Bharuch,Gujarat
Bhavnagar,Gujarat
Dohad,Gujarat
Gandhi Nagar,Gujarat
Jamnagar,Gujarat
Junagadh,Gujarat
Kheda,Gujarat
Kuchchh,Gujarat
Mahesana,Gujarat
Narmada,Gujarat
Navsari,Gujarat
Panchmahal,Gujarat
Patan,Gujarat
Porbandar,Gujarat
Rajkot,Gujarat
Sabarkantha,Gujarat
Surat,Gujarat
Surendranagar,Gujarat
The Dangs,Gujarat
Vadodara,Gujarat
Valsad,Gujarat
Ambala,Haryana
Bhiwani,Haryana
Faridabad,Haryana
Fatehabad,Haryana
Gurgaon,Haryana
Hissar,Haryana
Jhajjar,Haryana
Jind,Haryana
Kaithal,Haryana
Karnal,Haryana
Kurukshetra,Haryana
Mohindergarh,Haryana
Panchkula,Haryana
Panipat,Haryana
Rewari,Haryana
Rohtak,Haryana
Sirsa,Haryana
Sonepat,Haryana
Yamunanagar,Haryana
Bilaspur,Himachal Pradesh
Chamba,Himachal Pradesh
Hamirpur,Himachal Pradesh
Kangra,Himachal Pradesh
Kinnaur,Himachal Pradesh
Kullu,Himachal Pradesh
Lahul & Spiti,Himachal Pradesh
Mandi,Himachal Pradesh
Shimla,Himachal Pradesh
Sirmour,Himachal Pradesh
Solan,Himachal Pradesh
Una,Himachal Pradesh
Anantnag,Jammu & Kashmir
Badgam,Jammu & Kashmir
Baramulla,Jammu & Kashmir
Doda,Jammu & Kashmir
Jammu,Jammu & Kashmir
Kargil,Jammu & Kashmir
Kathua,Jammu & Kashmir
Kupwara,Jammu & Kashmir
Leh,Jammu & Kashmir
Poonch,Jammu & Kashmir
Pulwana,Jammu & Kashmir
Rajouri,Jammu & Kashmir
Srinagar,Jammu & Kashmir
Udhampur,Jammu & Kashmir
Bokaro,Jharkhand
Chatra,Jharkhand
Deoghar,Jharkhand
Dhanbad,Jharkhand
Dumka,Jharkhand
Giridih,Jharkhand
Grahwa,Jharkhand
Gumla,Jharkhand
Hazaribagh,Jharkhand
Kodarma,Jharkhand
Lohardaga,Jharkhand
Pakaur,Jharkhand
Palamu,Jharkhand
Paschimi Singhbhum,Jharkhand
Purbi Singbhum,Jharkhand
Ranchi,Jharkhand
Sahebganj,Jharkhand
Bagalkot,Karnataka
Bangalore,Karnataka
Belgaum,Karnataka
Bellary,Karnataka
Bidar,Karnataka
Bijapur,Karnataka
Chamarajanagar,Karnataka
Chikamaglur,Karnataka
Chikamangalur,Karnataka
Chitradurga,Karnataka
Dak. Kannada,Karnataka
Davanagere,Karnataka
Dharwar,Karnataka
Gadag,Karnataka
Gulbarga,Karnataka
Hassan,Karnataka
Haveri,Karnataka
Koduru,Karnataka
Kolar,Karnataka
Koppal,Karnataka
Mandya,Karnataka
Mysore,Karnataka
Raichur,Karnataka
Shimoga,Karnataka
Tumkur,Karnataka
Udupi,Karnataka
Uttar Kannada,Karnataka
Alappuzha,Kerala
Ernakulam,Kerala
Iduki,Kerala
Kannur,Kerala
Kasargode,Kerala
Kollam,Kerala
Kottayam,Kerala
Kozhikode,Kerala
Malapuram,Kerala
Palakkad,Kerala
Pathanamthitta,Kerala
Thrissur,Kerala
Trivandrum,Kerala
Wayanad,Kerala
Kadarmath,Lakshdweep
Kalpenthi,Lakshdweep
Kavarathy,Lakshdweep
Kiltan,Lakshdweep
Minicoy,Lakshdweep
Balaghat,Madhya Pradesh
Barwani,Madhya Pradesh
Betul,Madhya Pradesh
Bhind,Madhya Pradesh
Bhopal,Madhya Pradesh
Chhatarpur,Madhya Pradesh
Chhindwara,Madhya Pradesh
Damoh,Madhya Pradesh
Datia,Madhya Pradesh
Dewas,Madhya Pradesh
Dhar,Madhya Pradesh
Dindori,Madhya Pradesh
East Nimar,Madhya Pradesh
Guna,Madhya Pradesh
Gwalior,Madhya Pradesh
Harda,Madhya Pradesh
Hoshangabad,Madhya Pradesh
Indore,Madhya Pradesh
Jabalpur,Madhya Pradesh
Jhabua,Madhya Pradesh
Katni,Madhya Pradesh
Mandasur,Madhya Pradesh
Mandla,Madhya Pradesh
Morena,Madhya Pradesh
Narasinghpur,Madhya Pradesh
Neemuch,Madhya Pradesh
Panna,Madhya Pradesh
Raigarh,Madhya Pradesh
Raisen,Madhya Pradesh
Ratlam,Madhya Pradesh
Rewa,Madhya Pradesh
Sagar,Madhya Pradesh
Satna,Madhya Pradesh
Sehore,Madhya Pradesh
Seoni,Madhya Pradesh
Shahdol,Madhya Pradesh
Shajapur,Madhya Pradesh
Shivpuri,Madhya Pradesh
Sidhi,Madhya Pradesh
Tikamgarh,Madhya Pradesh
Ujjain,Madhya Pradesh
Umaria,Madhya Pradesh
Vidisha,Madhya Pradesh
West Nimar,Madhya Pradesh
Ahmednagar,Maharashtra
Akola,Maharashtra
Amraoti,Maharashtra
Aurangabad,Maharashtra
Beed,Maharashtra
Bhandara,Maharashtra
Buldhana,Maharashtra
Chandrapur,Maharashtra
Dhule,Maharashtra
Gadchiroli,Maharashtra
Gondia,Maharashtra
Hingoli,Maharashtra
Jalgaon,Maharashtra
Jalna,Maharashtra
Kolhapur,Maharashtra
Latur,Maharashtra
Mumbai,Maharashtra
Nagpur,Maharashtra
Nanded,Maharashtra
Nandurbar,Maharashtra
Nashik,Maharashtra
Osmanabad,Maharashtra
Parbhani,Maharashtra
Pune,Maharashtra
Raigarh,Maharashtra
Ratnagiri,Maharashtra
Sangli,Maharashtra
Satara,Maharashtra
Sholapur,Maharashtra
Sindhudurg,Maharashtra
Solapur,Maharashtra
Thane,Maharashtra
Wardha,Maharashtra
Washim,Maharashtra
Yeotamal,Maharashtra
BISHENPUR,Manipur
Bishenpur,Manipur
Chandel,Manipur
Churachandpur,Manipur
Imphal,Manipur
Senapati,Manipur
Tamenglong,Manipur
Thoubal,Manipur
Ukhrul,Manipur
East Garo Hills,Meghalaya
East Khasi Hills,Meghalaya
Jaintia Hills,Meghalaya
Ri Bhoi,Meghalaya
South Garo Hills,Meghalaya
West Garo Hills,Meghalaya
West Khasi Hills,Meghalaya
Aizwal,Mizoram
Champhai,Mizoram
Kolasib,Mizoram
Lawngtlai,Mizoram
Lungleh,Mizoram
Saiha,Mizoram
Sherchip,Mizoram
Dimapur,Nagaland
Kohima,Nagaland
Mokokchung,Nagaland
Mon,Nagaland
Phek,Nagaland
Tuengsang,Nagaland
Wokha,Nagaland
Zunehboto,Nagaland
Anugul,Orissa
Baleshwar,Orissa
Bargarh,Orissa
Baudh,Orissa
Bhadrak,Orissa
Bolangir,Orissa
Cuttack,Orissa
Debagarh,Orissa
Dhenkanal,Orissa
Gajapati,Orissa
Ganjam,Orissa
Jagatsinghapur,Orissa
Jajapur,Orissa
Jharsuguda,Orissa
Kalahandi,Orissa
Kandhamal,Orissa
Kendrapara,Orissa
Kendujhar,Orissa
Koraput,Orissa
Kordha,Orissa
Malkangiri,Orissa
Mayurbhanj,Orissa
Nabarangapur,Orissa
Naupada,Orissa
Nayagarh,Orissa
Puri,Orissa
Rayagada,Orissa
Sambalpur,Orissa
Sonapur,Orissa
Sundargarh,Orissa
Karaikal,Pondicherry
Mahe,Pondicherry
Pondicherry,Pondicherry
Yanam,Pondicherry
Amritsar,Punjab
Bhatinda,Punjab
Faridkot,Punjab
Fatehgarh Sahib,Punjab
Ferozepur,Punjab
Gurdaspur,Punjab
Hoshiarpur,Punjab
Jalandhar,Punjab
Kapurthala,Punjab
Ludhiana,Punjab
Mansa,Punjab
Moga,Punjab
Muktsar,Punjab
Nawanshahr,Punjab
Patiala,Punjab
Rupnagar,Punjab
Sangrur,Punjab
Ajmer,Rajasthan
Alwar,Rajasthan
Banswara,Rajasthan
Baran,Rajasthan
Barmer,Rajasthan
Bharatpur,Rajasthan
Bhilwara,Rajasthan
Bikaner,Rajasthan
Bundi,Rajasthan
Chittorgarh,Rajasthan
Churu,Rajasthan
Dausa,Rajasthan
Dholpur,Rajasthan
Dungarpur,Rajasthan
Ganganagar,Rajasthan
Hanumangarh,Rajasthan
Jaipur,Rajasthan
Jaisalmer,Rajasthan
Jalore,Rajasthan
Jhalawar,Rajasthan
JhunJhunu,Rajasthan
Jodhpur,Rajasthan
Karauli,Rajasthan
Kota,Rajasthan
Nagaur,Rajasthan
Pali,Rajasthan
Rajsamand,Rajasthan
Sikar,Rajasthan
Sirohi,Rajasthan
Swaimadhopur,Rajasthan
Tonk,Rajasthan
Udaipur,Rajasthan
East Sikkim,Sikkim
North Sikkim,Sikkim
South Sikkim,Sikkim
West Sikkim,Sikkim
Ariyalur,Tamil Nadu
Chennai,Tamil Nadu
Coimbatore,Tamil Nadu
Cuddalore,Tamil Nadu
Dharmapuri,Tamil Nadu
Dindigul,Tamil Nadu
Erode,Tamil Nadu
Kancheepuram,Tamil Nadu
Kanyakumari,Tamil Nadu
Karur,Tamil Nadu
Madurai,Tamil Nadu
Nagapattinam,Tamil Nadu
Namakkal,Tamil Nadu
Perambalur,Tamil Nadu
Pudukottai,Tamil Nadu
Ramanathapuram,Tamil Nadu
Salem,Tamil Nadu
Sivaganga,Tamil Nadu
Thanjavur,Tamil Nadu
The Nilgiri,Tamil Nadu
Theni,Tamil Nadu
Thiruvallur,Tamil Nadu
Thiruvarur,Tamil Nadu
Thoothukkudi,Tamil Nadu
Tiruchirappalli,Tamil Nadu
Tirunelveli,Tamil Nadu
Tiruvallur,Tamil Nadu
Tiruvannamalai,Tamil Nadu
Vellore,Tamil Nadu
Viluppuram,Tamil Nadu
Virudhunagar,Tamil Nadu
Dhalai,Tripura
North Tripura,Tripura
South Tripura,Tripura
West Tripura,Tripura
Agra,Uttar Pradesh
Aligarh,Uttar Pradesh
Allahabad,Uttar Pradesh
Ambedkar Nagar,Uttar Pradesh
Auraiya,Uttar Pradesh
Azamgarh,Uttar Pradesh
Badaun,Uttar Pradesh
Baghpat,Uttar Pradesh
Bahraich,Uttar Pradesh
Ballia,Uttar Pradesh
Balrampur,Uttar Pradesh
Banda,Uttar Pradesh
Barabanki,Uttar Pradesh
Bareilly,Uttar Pradesh
Basti,Uttar Pradesh
Bijnore,Uttar Pradesh
Bulandshahr,Uttar Pradesh
Chandauli,Uttar Pradesh
Chitrakoot,Uttar Pradesh
Deoria,Uttar Pradesh
Etah,Uttar Pradesh
Etwah,Uttar Pradesh
Faizabad,Uttar Pradesh
Farukhabad,Uttar Pradesh
Fatehpur,Uttar Pradesh
Firozabad,Uttar Pradesh
Gautam Buddha Nagar,Uttar Pradesh
Ghaziabad,Uttar Pradesh
Ghazipur,Uttar Pradesh
Gonda,Uttar Pradesh
Gorakhpur,Uttar Pradesh
Hamirpur,Uttar Pradesh
Hardoi,Uttar Pradesh
Hathras,Uttar Pradesh
Jalaun,Uttar Pradesh
Jaunpur,Uttar Pradesh
Jhansi,Uttar Pradesh
Jyotiba Phule Nagar,Uttar Pradesh
Kannauj,Uttar Pradesh
Kanpur,Uttar Pradesh
Kaushambi,Uttar Pradesh
Kheri,Uttar Pradesh
Kushinagar,Uttar Pradesh
Lalitpur,Uttar Pradesh
Lucknow,Uttar Pradesh
Mahoba,Uttar Pradesh
Mahrajganj,Uttar Pradesh
Mainpuri,Uttar Pradesh
Mathura,Uttar Pradesh
Mau,Uttar Pradesh
Meerut,Uttar Pradesh
Mirzapur,Uttar Pradesh
Moradabad,Uttar Pradesh
Muzaffarnagar,Uttar Pradesh
Pilibhit,Uttar Pradesh
Pratapgarh,Uttar Pradesh
Raibareilly,Uttar Pradesh
Rampur,Uttar Pradesh
Saharanpur,Uttar Pradesh
Sant Kabir Nagar,Uttar Pradesh
Sant Ravidas Nagar Bhadohi,Uttar Pradesh
Shahjahanpur,Uttar Pradesh
Shrawasti,Uttar Pradesh
Siddharthnagar,Uttar Pradesh
Sitapur,Uttar Pradesh
Sonbhadra,Uttar Pradesh
Sultanpur,Uttar Pradesh
Unnao,Uttar Pradesh
Varanasi,Uttar Pradesh
Almora,Uttaranchal
Bageshwar,Uttaranchal
Chamoli,Uttaranchal
Champawat,Uttaranchal
Dehradun,Uttaranchal
Hardwar,Uttaranchal
Nainital,Uttaranchal
Pauri Garhwal,Uttaranchal
Pithoragarh,Uttaranchal
Rudra Prayag,Uttaranchal
Tehri Garhwal,Uttaranchal
Udham Singh Nagar,Uttaranchal
Uttarkashi,Uttaranchal
Bankura,West Bengal
Bardhaman,West Bengal
Birbhum,West Bengal
Calcutta,West Bengal
Coochbehar,West Bengal
Dakshin Dinajpur,West Bengal
Darjeeling,West Bengal
Hooghly,West Bengal
Howrah,West Bengal
Jalpaiguri,West Bengal
Malda,West Bengal
Medinipur,West Bengal
Midnapur,West Bengal
Murshidabad,West Bengal
Nadiad,West Bengal
North 24 Parganas,West Bengal
Purulia,West Bengal
South 24 Parganas,West Bengal
Uttar Dinajpur,West Bengal
West Dinajpur,West Bengal
